MODEL ID,MODEL NAME
3,ANDRE
287,army
27066,ARMYPILOT
26964,AT_AAP1
26965,AT_AAP2
26966,AT_AAP3
26967,AT_ARMY
26968,AT_ATBURGSHOT
26969,AT_ATMECH
26970,AT_ATZ1
26971,AT_ATZ2
26972,AT_ATZ3
26973,AT_BALLAS10
26974,AT_BALLAS11
26975,AT_BALLAS9
26976,AT_BFYBEAT
27068,AT_BFYSK
27069,AT_BFYSWAG
26977,AT_BMYATBU
26978,AT_BMYBEAT
26979,AT_BMYBEAT2
26980,AT_BMYDIFDH
26981,AT_BMYEMP
26982,AT_BMYFT
26983,AT_BMYMOUN2
26984,AT_BMYPLT
26985,AT_BMYPSP
26986,AT_BMYRO
26987,AT_CSHFYST
26988,AT_DNFYBE
26989,AT_FAM10
26990,AT_FAM11
26991,AT_FAM12
26992,AT_FBI
26993,AT_FIREMAN
26994,AT_HBFYRI
26995,AT_HFYANT
26996,AT_HFYBBU
26997,AT_HFYBE2
26998,AT_HFYLDSC
26999,AT_HMYAP
27000,AT_HMYMOUN2
27001,AT_HMYPBOX
27002,AT_HMYTOUR
27003,AT_MEDIATR
27004,AT_MEDIC
27005,AT_OFYAV
27006,AT_POLICE
27007,AT_SBATTR
27008,AT_SBMYTR4
27009,AT_SWAT
27010,AT_WFOBWB
27011,AT_WFOFU
27012,AT_WFYBBU
27013,AT_WFYDJG
27014,AT_WFYDVJG
27015,AT_WFYFBD
27016,AT_WFYFBE
27070,AT_WFYFYM
27017,AT_WFYGPRO
27071,AT_WFYHDG
27018,AT_WFYJG1
27019,AT_WFYLPRO
27020,AT_WFYLSGA
27021,AT_WFYMYO
27022,AT_WFYOPRO
27023,AT_WFYPLY
27024,AT_WFYRISX
27025,AT_WFYRO2
27026,AT_WFYRZH
27027,AT_WMOATBU
27028,AT_WMOTSH
27029,AT_WMYATBU
27030,AT_WMYATBU2
27031,AT_WMYATBU3
27032,AT_WMYBEAT
27033,AT_WMYBEAT2
27034,AT_WMYBHC
27035,AT_WMYBS
27036,AT_WMYBS2
27037,AT_WMYBS3
27038,AT_WMYBS4
27039,AT_WMYCLX
27040,AT_WMYDTD
27041,AT_WMYEMP
27042,AT_WMYHIPST
27043,AT_WMYJAN
27044,AT_WMYJCKT
27045,AT_WMYJG3
27046,AT_WMYLON
27047,AT_WMYMIDGET
27048,AT_WMYMOUN3
27049,AT_WMYPREA
27050,AT_WMYPSP
27380,AT_WMYRCK
27051,AT_WMYXCI
27052,AT_WMYZEN
27053,AT_WORK11
27054,AT_WORK12
27055,AT_WORK13
27056,AT_WORK14
27057,AT_WORK15
27058,AT_WORK16
27059,AT_WORK17
27060,AT_WORK18
27061,AT_WORK19
27062,AT_WORK20
27063,AT_YC1
27064,AT_YC2
27065,AT_YC3
27067,ATNEWS
26946,atpdh1
26929,atpdm1
102,BALLAS1
103,BALLAS2
104,BALLAS3
5,BB
4,BBTHIN
9,BFORI
10,BFOST
139,BFYBE
148,BFYBU
63,BFYPRO
12,BFYRI
13,BFYST
254,BIKDRUG
247,BIKERA
248,BIKERB
156,BMOBAR
262,BMOCD
168,BMOCHIL
14,BMORI
253,BMOSEC
15,BMOST
79,BMOTR1
16,BMYAP
176,BMYBAR
18,BMYBE
163,BMYBOUN
17,BMYBU
144,BMYCG
260,BMYCON
21,BMYCR
19,BMYDJ
28,BMYDRUG
166,BMYMIB
51,BMYMOUN
249,BMYPIMP
66,BMYPOL1
67,BMYPOL2
20,BMYRI
22,BMYST
180,BMYTATT
26633,BW_ABOWNER
27468,BW_ARMY
26634,BW_AS_HENRY
26635,BW_AS_JONATHAN
26636,BW_AS_LEON
26637,BW_AS_OTTO
27469,BW_AS_PATIENT
26638,BW_AS_THEO
26639,BW_AS_WMYASY1
27470,BW_ASSOCIATE
26640,BW_BARBER_P
26641,BW_BARBER_R
26642,BW_BEARDEDWOMAN
26643,BW_BIKEOWNER
26644,BW_BL_DAVIS
26645,BW_BL_ETHAN
26646,BW_BL_RUSSEL
26647,BW_BL_TOM
26648,BW_BL_TRENT
26649,BW_BL_TROY
26650,BW_BL_WADE
26651,BW_BMYBWB1
26652,BW_BMYBWB2
26653,BW_BMYBWB3
27471,BW_BMYBWB4
27472,BW_BMYBWB5
26654,BW_CARNYWORK1
26655,BW_CARNYWORK2
26656,BW_CH_GARY
26657,BW_CH_JIMMY
26658,BW_CH_MASCOT
26659,BW_CH_PETER
26660,BW_CHL_ASIAN
26661,BW_CLOTHESGUY
26662,BW_COMIC
26663,BW_CONSTRUCT1
26664,BW_CONSTRUCT2
26665,BW_COP01
26666,BW_COP02
26667,BW_COP03
26668,BW_CRYSTAL
26669,BW_DOCKWORKER
27473,BW_FBI
26670,BW_FIGHTINGMIDGET1
26671,BW_FIGHTINGMIDGET2
26672,BW_FIREMAN
26673,BW_FIREOWNER
26674,BW_FMIDGET
26675,BW_GCCLERK
26676,BW_GCOWNER
26677,BW_GR_HAL
26678,BW_GR_JOHNNY
26679,BW_GR_LEFTY
26680,BW_GR_LOLA
26681,BW_GR_LUCKY
26682,BW_GR_NORTON
26683,BW_GR_PEANUT
26684,BW_GR_RICKY
26685,BW_GR_VANCE
26686,BW_HANDY
26687,BW_HOBO
26688,BW_INDWORKER
26689,BW_J_BO
26690,BW_J_BOB
26691,BW_J_CASEY
26692,BW_J_DAMON
26693,BW_J_DAN
26694,BW_J_JURI
26695,BW_J_KIRBY
26696,BW_J_LUIS
26697,BW_J_MANDY
26698,BW_J_TED
26699,BW_J_WRESTLER01
26700,BW_MAILMAN
27474,BW_MEDIC
26701,BW_MERMAID
26702,BW_MILLWORKER
26703,BW_MMIDGET
26704,BW_MTOWNER
26705,BW_N_ALGERNOON
26706,BW_N_BEATRICE
26707,BW_N_BUCKY
26708,BW_N_CORNELIUS
26709,BW_N_DONALD
26710,BW_N_EARNEST
26711,BW_N_FATTY
26712,BW_N_MELVIN
26713,BW_N_THAD
26714,BW_NH_RES1
26715,BW_NH_RES2
26716,BW_NH_RES3
26717,BW_OLDMAN2
26718,BW_PAINTEDMAN
26719,BW_PF_EDWARD
26720,BW_PF_KARL
26721,BW_PF_MAX
26722,BW_PF_SETH
26723,BW_PNKBARBER
26724,BW_POORMAN2
26725,BW_POORWOMAN
26726,BW_PRP_BIF
26727,BW_PRP_BRYCE
26728,BW_PRP_CHAD
26729,BW_PRP_DARBY
26730,BW_PRP_GORD
26731,BW_PRP_JUSTIN
26732,BW_PRP_PARKER
26733,BW_PRP_PINKY
26734,BW_PRP_TAD
26735,BW_RECORD
26736,BW_RICHM1
26737,BW_RICHM2
26738,BW_RICHM3
26739,BW_RICHW1
26740,BW_RICHW2
26741,BW_S_ASIANGIRL
26742,BW_S_IVAN
26743,BW_S_TREVOR
26744,BW_SCH_ART
26745,BW_SCH_AUTOSHOP
26746,BW_SCH_BIOLOGY
26747,BW_SCH_CHEM
26748,BW_SCH_EDNA
26749,BW_SCH_ENGLISH
27466,BW_SCH_ENGLISH2
26750,BW_SCH_GEO
26751,BW_SCH_GYM
26752,BW_SCH_HALLM
26753,BW_SCH_HISTORY
26754,BW_SCH_JANITOR
26755,BW_SCH_LIBRARIAN
26756,BW_SCH_MATH
26757,BW_SCH_MUSIC
26758,BW_SCH_NURSE
26759,BW_SCH_PRINCIPAL
26760,BW_SCH_SECRETARY
26761,BW_SCS_ANGIE
26762,BW_SCS_CHRISTY
26763,BW_SCS_CONSTANTINOS
26764,BW_SCS_EUNICE
26765,BW_SCS_GORDON
26766,BW_SCS_IVAN
26767,BW_SCS_LANCE
26768,BW_SCS_RAY
26769,BW_SCS_TREVOR
26770,BW_SKELETONMAN
27467,BW_SWAT
26771,BW_T_DUNCAN
26772,BW_T_EDGAR
26773,BW_T_GURNEY
26774,BW_T_HENRY
26775,BW_T_JERRY
26776,BW_T_LEON
26777,BW_T_OMAR
26778,BW_T_OTTO
26779,BW_T_ZOE
26780,BW_T_ZOEU
26781,BW_TATTOO
26782,BW_WFYBW1
26783,BW_WFYBW2
26784,BW_WMYAS2
26785,BW_WMYBIKE
26786,BW_WMYBWB1
26787,BW_WMYBWB2
26788,BW_WMYBWPB
26789,BW_WORKMAN
26790,BW_XMAS_ELFF
26791,BW_XMAS_ELFM
26792,BW_XMAS_RUDY
26793,BW_XMAS_SANTA
27072,BWNEWS
26933,bwpdm1
298,CAT
27381,CC_AMMUCLERK
26564,CC_BUNNY
26565,CC_CASH
26566,CC_CCPD1
26567,CC_CCPD2
26568,CC_CCPD3
26569,CC_CCPD4
26570,CC_CCPD5
26571,CC_CCPD6
27264,CC_CCSWAT2
26572,CC_CERBEROUS1
26573,CC_CERBEROUS2
26574,CC_CERBEROUS3
26575,CC_CERBEROUS4
26576,CC_HOOD1
26577,CC_HOOD2
26578,CC_HOOD3
26579,CC_HOOD4
26580,CC_HOOD5
26581,CC_HOOD6
26582,CC_HOOD7
26583,CC_HOOD8
26584,CC_HOOD9
26585,CC_HOSTAGE1
26586,CC_HOSTAGE2
26587,CC_HOSTAGE3
26588,CC_HOSTAGE4
26589,CC_INOCENTZ1
26590,CC_INOCENTZ2
26591,CC_INOCENTZ3
26592,CC_INOCENTZ4
26593,CC_INOCENTZ5
26594,CC_INOCENTZ6
26595,CC_INOCENTZ7
26596,CC_INOCENTZ8
26597,CC_INOCENTZ9
26598,CC_JOURNALIST
26599,CC_MONKEY
26600,CC_PIGGSY
26601,CC_RAMIREZ
26602,CC_SKINZ1
26603,CC_SKINZ2
26604,CC_SKINZ3
26605,CC_SKINZ4
26606,CC_SKINZ5
26607,CC_SKINZ6
26608,CC_SKINZ7
26609,CC_SKINZ8
26610,CC_SKINZ9
26611,CC_SMILEY1
26612,CC_SMILEY2
26613,CC_SMILEY3
26614,CC_SMILEY4
26615,CC_SMILEY5
26616,CC_SMILEY6
26617,CC_SMILEY7
26618,CC_SMILEY8
26619,CC_SMILEY9
26620,CC_STARKWEATHER
26621,CC_SWAT
26622,CC_TRMP
26623,CC_TRUMP
26624,CC_WARDOG1
26625,CC_WARDOG2
26626,CC_WARDOG3
26627,CC_WARDOG4
26628,CC_WARDOG5
26629,CC_WARDOG6
26630,CC_WARDOG7
26631,CC_WARDOG8
26632,CC_ZOMBIE
27073,CCNEWS
26947,ccpdh1
26927,ccpdm1
292,CESAR
299,CLAUDE
27074,CMNEWS
26948,cmpdh1
190,COPGRL3
194,CROGRL3
283,csher
26949,csherh1
26928,csherm1
310,csherna
196,CWFOFR
197,CWFOHB
198,CWFYFR1
199,CWFYFR2
157,CWFYHB
158,CWMOFR
159,CWMOHB1
160,CWMOHB2
161,CWMYFR
162,CWMYHB1
200,CWMYHB2
121,DNB1
122,DNB2
123,DNB3
129,DNFOLC1
130,DNFOLC2
131,DNFYLC
132,DNMOLC1
133,DNMOLC2
128,DNMYLC
288,dsher
26950,dsherh1
26939,dsherm1
311,dsherna
27075,DUN_GENERAL
27076,DUN_GUARD
27077,DUN_RUN1
27078,DUN_RUN2
27079,DUN_RUN3
27080,DUN_RUN4
27081,DUN_SHIRT1
27082,DUN_SHIRT2
27083,DUN_SHIRT3
27084,DUN_SHIRT4
27085,DUN_SOLDIER1
27086,DUN_SOLDIER2
27087,DUN_WOMAN
31,DWFOLC
151,DWFYLC1
201,DWFYLC2
32,DWMOLC1
33,DWMOLC2
34,DWMYLC1
202,DWMYLC2
6,EMMET
105,FAM1
106,FAM2
107,FAM3
286,fbi
195,GANGRL3
191,GUNGRL3
258,HECK1
259,HECK2
38,HFORI
39,HFOST
140,HFYBE
64,HFYPRO
40,HFYRI
41,HFYST
35,HMOGAR
43,HMORI
44,HMOST
45,HMYBE
146,HMYCM
47,HMYCR
30,HMYDRUG
46,HMYRI
48,HMYST
8,JANITOR
42,JETHRO
296,JIZZY
65,KENDL
274,laemt1
277,lafd1
280,lapd1
26951,lapdh1
284,lapdm1
300,lapdna
303,lapdpc
304,lapdpd
26449,LC_8BALL
26450,LC_8BALLPRISON
26451,LC_AM
26452,LC_ARMY
26453,LC_ASUKA
26454,LC_B_MAN1
26455,LC_B_MAN2
26456,LC_B_MAN3
26457,LC_B_WOM1
26458,LC_B_WOM2
26459,LC_B_WOM3
26460,LC_BOMBER
27329,LC_BUSKER1
27330,LC_BUSKER2
27331,LC_BUSKER3
27332,LC_BUSKER4
27318,LC_BUTLER
26461,LC_CABBIEDRV
26462,LC_CAS_MAN
26463,LC_CAS_WOM
26464,LC_CAT
26465,LC_CHUNKY
26466,LC_CLAUDE
26467,LC_CLAUDE2
26468,LC_CLAUDEPRISON
26469,LC_COL1
26470,LC_COL2
26471,LC_COL3
26472,LC_COLROB
26473,LC_CONST1
26474,LC_CONST2
26475,LC_COP
27319,LC_COP2
26476,LC_CRIMINAL01
26477,LC_CRIMINAL02
26478,LC_CT_MAN1
26479,LC_CT_MAN2
26480,LC_CT_WOM1
26481,LC_CT_WOM2
26482,LC_CURLY
27320,LC_DARKEL
26483,LC_DEALER
26484,LC_DOCKER1
26485,LC_DOCKER2
27321,LC_DONKY
26486,LC_FAN_MAN1
26487,LC_FAN_MAN2
26488,LC_FAN_WOM
26489,LC_FATFEMALE01
26490,LC_FATFEMALE02
26491,LC_FATMALE01
26492,LC_FATMALE02
26493,LC_FBI
26494,LC_FEMALE01
26495,LC_FEMALE02
26496,LC_FEMALE03
26497,LC_FIREMAN
26498,LC_G_COLUMB01
26499,LC_G_COLUMB02
26500,LC_G_DIABLO01
26501,LC_G_DIABLO02
26502,LC_G_LEONE01
26503,LC_G_LEONE02
26504,LC_G_TRIAD01
26505,LC_G_TRIAD02
26506,LC_G_YAKUZA01
26507,LC_G_YAKUZA02
26508,LC_G_YARDIE01
26509,LC_G_YARDIE02
26510,LC_GOON
26511,LC_HOODS01
26512,LC_HOODS02
26513,LC_HOS_MAN
26514,LC_HOS_WOM
26515,LC_JOEY
26516,LC_JOEY2
26517,LC_KEEPER
26518,LC_KENJI
26519,LC_LI_MAN1
26520,LC_LI_MAN2
26521,LC_LI_WOM1
26522,LC_LI_WOM2
26523,LC_LIPS
26524,LC_LOVE
26525,LC_LOVE2
26526,LC_LUIGI
26527,LC_MALE01
26528,LC_MALE02
26529,LC_MALE03
27316,LC_MARIA
26530,LC_MEDIC
26531,LC_MICKY
26532,LC_MIGUEL
26533,LC_MISTY
26534,LC_MOD_MAN
26535,LC_MOD_WOM
27317,LC_NOVY
26536,LC_OJG
26538,LC_OJG2
26537,LC_OJG_P
26539,LC_P_MAN1
26540,LC_P_MAN2
26541,LC_P_WOM1
26542,LC_P_WOM2
26543,LC_PIMP
26544,LC_PROSTITUTE
26545,LC_PROSTITUTE02
26546,LC_RAY
26547,LC_ROBBER
26548,LC_S_GUARD
26549,LC_SALVATORE
26550,LC_SCUM_MAN
26551,LC_SCUM_WOM
26552,LC_SHOPPER01
26553,LC_SHOPPER02
26554,LC_SHOPPER03
26555,LC_ST_MAN
26556,LC_ST_WOM
26557,LC_STUD_MAN
26558,LC_STUD_WOM
26559,LC_SWAT
26560,LC_TANNER
26561,LC_TONY
26562,LC_WORKER1
26563,LC_WORKER2
27088,LCNEWS
26952,lcpdh1
26925,lcpdm1
27271,LCS_ARMY
27272,LCS_B_MAN1
27273,LCS_B_MAN2
27274,LCS_B_MAN3
27275,LCS_B_WOM1
27276,LCS_B_WOM2
27313,LCS_B_WOM3
27277,LCS_BABY
26176,LCS_BIKER01
26177,LCS_BIKER02
26178,LCS_BIKER03
26179,LCS_BIKER04
27278,LCS_BUGFOUND
27265,LCS_CAMP_MAN
27266,LCS_CAMP_WOM
27279,LCS_CAS_MAN
26180,LCS_CAS_WOM
27315,LCS_CASA
27280,LCS_CHAUFF
26181,LCS_COLUMBIAN01
26182,LCS_COLUMBIAN02
26183,LCS_CONST1
26184,LCS_CONST2
27267,LCS_COP
26185,LCS_CRIMINAL01
26186,LCS_CRIMINAL02
26187,LCS_CSCHERYL
26188,LCS_CSGIMP
26189,LCS_CSGUARD
26190,LCS_CSHOBO
26191,LCS_CSKAS
26192,LCS_CSLOVE
26193,LCS_CSMAC
26194,LCS_CSMAR
26195,LCS_CSMARB
26196,LCS_CSRAY
26197,LCS_CSSAL
26198,LCS_CSSALP
26199,LCS_CSTOOL
26200,LCS_CSUNCLE
26201,LCS_CSVINC
26202,LCS_CT_MAN1
26203,LCS_CT_MAN2
26204,LCS_CT_WOM1
26205,LCS_CT_WOM2
26206,LCS_DELIASS
26207,LCS_DIABLO01
26208,LCS_DIABLO02
26209,LCS_DOCKER1
26210,LCS_DOCKER2
26211,LCS_DONOVAN
27281,LCS_EIGHT
26212,LCS_FAN_MAN1
26213,LCS_FAN_MAN2
26214,LCS_FAN_WOM
26215,LCS_FATFEMALE01
26216,LCS_FATFEMALE02
26217,LCS_FATMALE01
26218,LCS_FATMALE02
27268,LCS_FBI
26219,LCS_FEMALE01
26220,LCS_FEMALE02
26221,LCS_FEMALE03
26222,LCS_FIREMAN
26223,LCS_FORELLI1
26224,LCS_FORELLI2
26225,LCS_GRDANG1
26226,LCS_GRDANG2
27282,LCS_GRDANG3
27283,LCS_GREASE
26227,LCS_GUN_ASS
27284,LCS_HITMAN
26228,LCS_HOLEJOG
27285,LCS_HOODS01
27286,LCS_HOODS02
26229,LCS_HOPPER
26230,LCS_HOS_MAN
26231,LCS_HOS_WOM
27287,LCS_JDMADE
26232,LCS_KAZUKI
26233,LCS_LEONE01
26234,LCS_LEONE02
26235,LCS_LI_MAN1
26236,LCS_LI_MAN2
26237,LCS_LI_WOM1
26238,LCS_LI_WOM2
26239,LCS_M_HOLE
26240,LCS_MALE01
26241,LCS_MALE02
26242,LCS_MALE03
26243,LCS_MASTOR
27269,LCS_MEDIC
26244,LCS_MICKEYH
26245,LCS_MIGUEL
26246,LCS_MOD_MAN
26247,LCS_MOD_WOM
26248,LCS_NED_01
26249,LCS_P_MAN1
26250,LCS_P_MAN2
26251,LCS_P_WOM1
26252,LCS_P_WOM2
26253,LCS_PAULIE
26254,LCS_PHIL
26255,LCS_PIMP
26256,LCS_PMAN2
26257,LCS_PROSTITUTE
26258,LCS_PROSTITUTE2
26259,LCS_SCUM_MAN
26260,LCS_SCUM_WOM
26261,LCS_SHOPPER1
26262,LCS_SHOPPER2
26263,LCS_SHOPPER3
26264,LCS_SINDACCO01
26265,LCS_SINDACCO02
26266,LCS_SINDACCO03
26267,LCS_ST_MAN
26268,LCS_ST_WOM
26269,LCS_STUD_MAN
26270,LCS_STUD_WOM
27270,LCS_SWAT
26271,LCS_TAXI_D
26272,LCS_THUG_01
26273,LCS_THUG_02
27288,LCS_TONI1
27297,LCS_TONI10
27298,LCS_TONI11
27299,LCS_TONI12
27300,LCS_TONI13
27301,LCS_TONI14
27302,LCS_TONI15
27303,LCS_TONI16
27289,LCS_TONI2
27290,LCS_TONI3
27291,LCS_TONI4
27292,LCS_TONI5
27293,LCS_TONI6
27294,LCS_TONI7
27295,LCS_TONI8
27296,LCS_TONI9
27304,LCS_TONIBETA1
27305,LCS_TONIBETA2
27306,LCS_TONIBETA3
27307,LCS_TONIBETA4
27308,LCS_TRIAD1
27309,LCS_TRIAD2
27314,LCS_WKAS
26274,LCS_WOM3
26275,LCS_WORKER1
26276,LCS_WORKER2
26277,LCS_YAKUZA01
26278,LCS_YAKUZA02
27310,LCS_YARDIE01
27311,LCS_YARDIE02
27312,LCS_YARDIE03
108,LSV1
109,LSV2
110,LSV3
275,lvemt1
278,lvfd1
282,lvpd1
26953,lvpdh1
26931,lvpdm1
302,lvpdna
305,lvpdpc
2,MACCER
297,MADDOGG
113,MAFBOSS
111,MAFFA
112,MAFFB
7,male01
192,MECGRL3
27089,MH2_BLOOD1
27090,MH2_BLOOD2
27091,MH2_BLOOD3
27092,MH2_BLOOD4
27093,MH2_BUM1
27094,MH2_BUM2
27095,MH2_BUMKINS1
27096,MH2_BUMKINS2
27097,MH2_BUMKINS3
27098,MH2_COP1
27099,MH2_COP2
27100,MH2_COPBIKER
27101,MH2_DANNY
27102,MH2_DANNY2
27103,MH2_DANNYBLOOD
27104,MH2_DOC
27105,MH2_DRWHITE
27106,MH2_HOOKER1
27107,MH2_HOOKER2
27108,MH2_HOOKER3
27109,MH2_INSANE1
27110,MH2_INSANE2
27111,MH2_JOHNA
27112,MH2_JOHNB
27113,MH2_JUDY
27114,MH2_LEG1
27115,MH2_LEG2
27116,MH2_LEG3
27117,MH2_LEO
27118,MH2_LEO2
27119,MH2_LEOBLOODY
27120,MH2_MECH1
27121,MH2_MECH2
27122,MH2_MICHAEL
27123,MH2_ORD1
27124,MH2_ORD2
27125,MH2_ORD3
27127,MH2_PARAMEDIC
27128,MH2_PERV1
27129,MH2_PERV2
27130,MH2_PERV3
27131,MH2_PERV4
27132,MH2_PERV5
27133,MH2_PERV6
27134,MH2_PERVCAT
27135,MH2_PERVGIMP
27136,MH2_PERVHORSE
27137,MH2_PERVJANITOR
27138,MH2_PERVPIGGSY
27139,MH2_PERVPISS
27140,MH2_PERVUNICORN
27141,MH2_PERVVAMP
27142,MH2_PICKMAN
27143,MH2_PM1
27144,MH2_PM2
27145,MH2_PM3
27146,MH2_PM4
27147,MH2_RK1
27148,MH2_RK2
27149,MH2_RK3
27150,MH2_RK4
27151,MH2_SCARECROW
27152,MH2_SLP
27153,MH2_SLP2
27154,MH2_SLP3
27155,MH2_SURGEON
27156,MH2_SWAT1
27157,MH2_SWAT2
27158,MH2_SWAT3
27159,MH2_SWAT4
27160,MH2_VICTIM
27161,MH2_WATCHDOGS1
27162,MH2_WATCHDOGS2
27163,MH2_WATCHDOGS3
27164,MH2_WATCHDOGS4
27165,MH2_WATCHDOGS5
27166,MH2_WATCHDOGS6
27167,MH2_WIFE
26794,MW_ARMY
26795,MW_BFOH
26796,MW_BFYAPRO
26797,MW_BFYBE2
26798,MW_BFYBUW
26799,MW_BFYBUW2
26800,MW_BFYDCG
26801,MW_BFYPIRI
26802,MW_BFYSGW
26803,MW_BIKER01
26804,MW_BIKER02
26805,MW_BIKER03
26806,MW_BMORH
26807,MW_BMYAG
26808,MW_BMYBE2
26809,MW_BMYBOBO
26810,MW_BMYBUK
26811,MW_BMYCZ
26812,MW_BMYMOUN3
26813,MW_BMYPBOX
26814,MW_BMYRG
26815,MW_BMYRG2
26816,MW_BMYSWT
26817,MW_BMYUEGG
26818,MW_BMYVDK
26819,MW_BURGSHOT
26820,MW_CABDRIVER
26821,MW_CABDRIVER2
26822,MW_COP
26823,MW_DICKHEAD1
26824,MW_DICKHEAD2
26825,MW_DICKHEAD3
26826,MW_DJ
26827,MW_FBI
26828,MW_FIREMAN
26829,MW_HFYBE3
26830,MW_HFYPIRI
26831,MW_HFYSPRO
26832,MW_HMOTOUR
26833,MW_HMYBE2
26834,MW_HMYMOUN
26835,MW_HMYPLT
26836,MW_MARSHAL
26837,MW_MECH
26838,MW_MEDIC
26839,MW_MLG1
26840,MW_MLG2
26841,MW_MLG3
26842,MW_MLLMYAP
26843,MW_MZTN1
26844,MW_MZTN2
26845,MW_MZTN3
26846,MW_OFMOTR1
26847,MW_OFYBE
26848,MW_OFYHG
26849,MW_OMMBU
26850,MW_OMOHA
26851,MW_OMYBE
26852,MW_PIMP
26853,MW_PREACHER
26854,MW_PUNK1
26855,MW_PUNK2
26856,MW_PUNK3
26857,MW_SOMYRG
26858,MW_SWAT
26859,MW_VHMYPP
26860,MW_WFOYA
26861,MW_WFYBE2
26862,MW_WFYBPRO
26863,MW_WFYBUW
26864,MW_WFYBUW2
26865,MW_WFYBUW3
26866,MW_WFYCLA
26867,MW_WFYCPRO
26868,MW_WFYFRAT
26869,MW_WFYFRAT2
26870,MW_WFYFWD
26871,MW_WFYMYO2
26872,MW_WFYPIRI
26873,MW_WFYRIW
26874,MW_WFYRIWB
26875,MW_WFYRO3
26876,MW_WFYSGW
26877,MW_WFYSX
26878,MW_WFYZPRO
26879,MW_WGYRO
26880,MW_WMMBU
26881,MW_WMOAH
26882,MW_WMOBU
26883,MW_WMOCH
26884,MW_WMOPS
26885,MW_WMOZA
26886,MW_WMYBE2
26887,MW_WMYBUK
26888,MW_WMYBWC
26889,MW_WMYCA
26890,MW_WMYDRUG
26891,MW_WMYFJG
26892,MW_WMYHCA
26893,MW_WMYHPJ
26894,MW_WMYJG2
26895,MW_WMYJOCK
26896,MW_WMYLET
26897,MW_WMYLFF
26898,MW_WMYMOUN2
26899,MW_WMYPG
26900,MW_WMYPS
26901,MW_WMYRG1
26902,MW_WMYSP
26903,MW_WORK1
26904,MW_WORK10
26905,MW_WORK2
26906,MW_WORK3
26907,MW_WORK4
26908,MW_WORK5
26909,MW_WORK6
26910,MW_WORK7
26911,MW_WORK8
26912,MW_WORK9
27168,MWNEWS
26954,mwpdh1
26930,mwpdm1
0,null
193,NURGRL3
53,OFORI
54,OFOST
55,OFYRI
56,OFYST
293,OGLOC
210,OMOBOAT
49,OMOKUNG
209,OMONOOD
57,OMORI
58,OMOST
203,OMYKARA
59,OMYRI
60,OMYST
291,PAUL
26921,psycho
290,ROSE
86,RYDER3
27323,SA_BALLAS10
26940,sa_ballas4
26941,sa_ballas5
26942,sa_ballas6
26943,sa_ballas7
26944,sa_ballas8
26945,sa_ballas9
27383,SA_BDUP
27384,SA_BETTINA
27385,SA_BMYDJB
27386,SA_BOGMAN
27387,SA_BURGER
27388,SA_CDEPUT
27389,SA_CSMECH
27390,SA_DANCEA
27391,SA_DANCEB
27392,SA_DRUG1
26913,SA_FAM4
26914,SA_FAM5
26915,SA_FAM6
26922,SA_FAM7
26923,SA_FAM8
26924,SA_FAM9
27393,SA_FARLIE
27394,SA_HELPER1
27395,SA_HELPER2
27396,SA_HO
27397,SA_JOSE
27398,SA_LAPDM1B
27399,SA_LILBILL
27400,SA_MAFGOON1
27401,SA_MAFGOON2
27402,SA_MARIA
27403,SA_MEDIATR
27404,SA_OGLOCBURGER
27405,SA_PENDELBURY
27406,SA_PLAS1
27407,SA_POOLGUY
27408,SA_PRO1
27409,SA_PSYCHO
27410,SA_SALVATORE
27411,SA_SBMYTR4
27412,SA_SILVERMAN
27413,SA_SINDACCOGOON
27414,SA_SLUT
27415,SA_SMOKEV2
27416,SA_SUIT2
27324,SA_TRIADC
27325,SA_TRIADELDER
27326,SA_VLA4
27327,SA_VLA5
27328,SA_VLA6
27417,SA_WMYBP2
27418,SA_WMYCD2
27169,SANEWS
215,SBFORI
218,SBFOST
238,SBFYPRO
219,SBFYRI
69,SBFYST
256,SBFYSTR
220,SBMOCD
221,SBMORI
222,SBMOST
134,SBMOTR2
143,SBMYCR
185,SBMYRI
142,SBMYST
136,SBMYTR3
276,sfemt1
279,sffd1
281,sfpd1
26955,sfpdh1
26932,sfpdm1
301,sfpdna
173,SFR1
174,SFR2
175,SFR3
243,SFYPRO
237,SHFYPRO
223,SHMYCR
119,SINDACO
149,SMOKEV
241,SMYST
242,SMYST2
224,SOFORI
225,SOFOST
141,SOFYBU
169,SOFYRI
226,SOFYST
227,SOMOBU
228,SOMORI
229,SOMOST
187,SOMYBU
186,SOMYRI
170,SOMYST
208,SUZIE
285,swat
75,SWFOPRO
231,SWFORI
232,SWFOST
216,SWFYRI
233,SWFYST
257,SWFYSTR
234,SWMOCD
235,SWMORI
236,SWMOST
77,SWMOTR1
135,SWMOTR2
137,SWMOTR3
239,SWMOTR4
230,SWMOTR5
250,SWMYCR
72,SWMYHP1
73,SWMYHP2
240,SWMYRI
188,SWMYST
273,TBONE
295,TORINO
117,TRIADA
118,TRIADB
120,TRIBOSS
1,TRUTH
26916,ug_bdg_wmybd1
26917,ug_bdg_wmybd2
26918,ug_bdg_wmybd3
26958,ug_bp_bfybp
26959,ug_bp_bmybp1
26960,ug_bp_bmybp2
26961,ug_bp_wfybp
26962,ug_bp_wmybp2
26963,ug_bp_wmybp3
27322,UG_WMYRPLT
27171,UL_AMMUGUY
26934,ul_army
27173,UL_BFYDANC
27174,UL_BFYKPRO
27175,UL_BFYMECH
27176,UL_BFYNG
27177,UL_BFYNRD
27178,UL_BFYOTH
27179,UL_BFYQP
27180,UL_BMYBALL
27181,UL_BMYCPP
27182,UL_BMYCS
27183,UL_BMYEME
27184,UL_BMYFDP
27185,UL_BMYMECH
27186,UL_BMYOB
27187,UL_BMYSG
26935,ul_cop
27188,UL_DNMYLCL
27189,UL_FBI
26936,ul_fireman
27191,UL_HFOCWS
27192,UL_HFOTN
27193,UL_HFYGRPRO
27194,UL_HFYHBS
27195,UL_HFYRWA
27196,UL_HFYSMG
27197,UL_HFYUFM
27198,UL_HMOFM
27199,UL_HMOHOBO
27200,UL_HMYENBU
27201,UL_HUNTER1
27202,UL_HUNTER2
27203,UL_HUNTER3
26937,ul_medic
27205,UL_OFOHW
27206,UL_OFYBG
27207,UL_OFYFMC
27208,UL_OMYPSP
27209,UL_OMYRCBU
27210,UL_POLICE
27211,UL_RICHCB
27212,UL_RN1
27213,UL_RN2
27214,UL_RN3
26938,ul_swat
27216,UL_TEXAN1
27217,UL_TEXAN2
27218,UL_TEXAN3
27219,UL_WFOAP
27220,UL_WFOCF
27221,UL_WFOHBB
27222,UL_WFOLC
27223,UL_WFOMG
27224,UL_WFOWM
27225,UL_WFYBBC
27226,UL_WFYBGF
27227,UL_WFYBSF
27228,UL_WFYCPV
27229,UL_WFYFCY
27230,UL_WFYFLASHPRO
27231,UL_WFYLUXPRO
27232,UL_WFYMCPRO
27233,UL_WFYNLH
27234,UL_WFYOTW
27235,UL_WFYRDN
27236,UL_WFYSXC
27237,UL_WFYTSP
27238,UL_WMOFAZ
27239,UL_WMOHBA
27240,UL_WMOHBGP
27241,UL_WMOPL
27242,UL_WMORFM
27243,UL_WMOSNOW
27244,UL_WMOSTG
27245,UL_WMOWBU
27246,UL_WMYAGC
27247,UL_WMYBCB
27248,UL_WMYCV
27249,UL_WMYGHC
27250,UL_WMYGM
27251,UL_WMYGOR
27252,UL_WMYHP
27253,UL_WMYHWSCB
27254,UL_WMYJK
27255,UL_WMYMECH
27256,UL_WMYOSG
27257,UL_WMYRATFM
27258,UL_WMYSAF
27259,UL_WMYSMD
27260,UL_WMYSMPRO
27261,UL_WMYSOS
27262,UL_WMYVDBD
27170,ULNEWS
26956,ulpdh1
27419,ULPDM1
307,VBFYCPD
11,VBFYCRP
245,VBFYPRO
244,VBFYST2
182,VBMOCD
80,VBMYBOX
183,VBMYCR
83,VBMYELV
26279,VC_APOULET
26280,VC_ARMY
27335,VC_ASS1
27336,VC_ASS2
27337,VC_ASS3
26281,VC_AVERY
26282,VC_BFOBE
26283,VC_BFORI
26284,VC_BFOST
26285,VC_BFOTR
26286,VC_BFYBE
26287,VC_BFYPR
26288,VC_BFYRI
26289,VC_BFYST
26290,VC_BGA
26291,VC_BGB
26292,VC_BIKER01
26293,VC_BIKER02
27338,VC_BJ
26294,VC_BMOBE
26295,VC_BMODK
26296,VC_BMOST
26297,VC_BMOTR
26298,VC_BMYBB
26299,VC_BMYBE
26300,VC_BMYBU
26301,VC_BMYCR
26302,VC_BMYPI
26303,VC_BMYRI
26304,VC_BMYST
26305,VC_BUDDY
26306,VC_BURGER
26307,VC_C_WORKER
27339,VC_CANDY
27340,VC_CGOON01
27341,VC_CGOON02
27342,VC_CGOON03
26308,VC_CHEF
26309,VC_COLONEL
26310,VC_COP
27343,VC_COURIER
26311,VC_CSDEAL
26312,VC_CSPAPA
26313,VC_CUBAN01
26314,VC_CUBAN02
26315,VC_DGOON1
27344,VC_DGOON2
27345,VC_DIAZ
26316,VC_DIAZ01
26317,VC_DIAZ02
27346,VC_DICK
27347,VC_DIRECTOR
27348,VC_DLOVE
27349,VC_DORIS
27350,VC_DWAYNE
26318,VC_FBI
26319,VC_FIREMEN
26320,VC_FSFA
26321,VC_GDA
26322,VC_GDB
27351,VC_GONZALEZ
26323,VC_HAITIAN01
26324,VC_HAITIAN02
26325,VC_HAITIAN03
26326,VC_HFOBE
26327,VC_HFORI
26328,VC_HFOST
26329,VC_HFOTR
26330,VC_HFYBE
26331,VC_HFYBU
26332,VC_HFYCG
26333,VC_HFYMD
26334,VC_HFYPR
26335,VC_HFYRI
26336,VC_HFYST
27352,VC_HILARY
27353,VC_HILARY2
26337,VC_HMOBE
26338,VC_HMOCA
26339,VC_HMORI
26340,VC_HMOST
26341,VC_HMOTR
26342,VC_HMYAP
26343,VC_HMYBE
26344,VC_HMYRI
26345,VC_HMYST
27354,VC_JETHRO
27355,VC_JEZZ
26368,VC_JFOTO
26369,VC_JMOTO
27356,VC_JUGGZ
27357,VC_JZGIRL
27358,VC_KELLY
27359,VC_KEN
26370,VC_KENTPAUL
27360,VC_LANCE
27361,VC_LANCE2
27362,VC_LANCE3
26371,VC_LAWYER
26372,VC_MALE01
27363,VC_MAUDE
26373,VC_MBA
26374,VC_MBB
26375,VC_MEDIC
27364,VC_MERCEDES
27365,VC_MERCEDES2
27366,VC_MGOONA
27367,VC_MIKE
27368,VC_MIKE2
27369,VC_MITCH
27370,VC_PAPA
27371,VC_PERCY
27372,VC_PHIL
27373,VC_PHIL2
27374,VC_PHIL3
26376,VC_PLAY10
26377,VC_PLAY11
26378,VC_PLAY12
26379,VC_PLAYER
26380,VC_PLAYER2
26381,VC_PLAYER3
26382,VC_PLAYER4
26383,VC_PLAYER5
26384,VC_PLAYER6
26385,VC_PLAYER7
26386,VC_PLAYER8
26387,VC_PLAYER9
26388,VC_PSYCHO
27375,VC_RICHARDS
26389,VC_S_KEEP
26390,VC_SAM
27376,VC_SERV
26391,VC_SHARK01
26392,VC_SHARK02
26393,VC_SHARK03
27377,VC_SHRUB
27378,VC_SHRUB2
27379,VC_SONNY
26394,VC_SONNYGOONA
26395,VC_SONNYGOONB
26396,VC_SPANDXA
26397,VC_SPANDXB
26398,VC_STRIPA
26399,VC_STRIPB
26400,VC_STRIPC
26401,VC_SWAT
26402,VC_TAXI_D
27333,VC_UMBERTO
26403,VC_VERCETTI01
26404,VC_VERCETTI02
26405,VC_VICE1
26406,VC_VICE2
26407,VC_VICE3
26408,VC_VICE4
26409,VC_VICE5
26410,VC_VICE6
26411,VC_VICE7
26412,VC_VICE8
27334,VC_VICTOR
26413,VC_WFOBE
26414,VC_WFOGO
26415,VC_WFORI
26416,VC_WFOSH
26417,VC_WFOST
26418,VC_WFOTR
26419,VC_WFYBE
26420,VC_WFYBU
26421,VC_WFYCST
26422,VC_WFYG1
26423,VC_WFYG2
26424,VC_WFYJG
26425,VC_WFYLG
26426,VC_WFYPR
26427,VC_WFYRI
26428,VC_WFYSH
26429,VC_WFYSK
26430,VC_WFYST
26431,VC_WMOBE
26432,VC_WMOBU
26433,VC_WMOCA
26434,VC_WMOGO
26435,VC_WMORI
26436,VC_WMOST
26437,VC_WMOTR
26438,VC_WMYBE
26439,VC_WMYBU
26440,VC_WMYCR
26441,VC_WMYCW
26442,VC_WMYGO
26443,VC_WMYJG
26444,VC_WMYLG
26445,VC_WMYPI
26446,VC_WMYRI
26447,VC_WMYSK
26448,VC_WMYST
27263,VCNEWS
26957,vcpdh1
26000,VCS_ALBERTO
26001,VCS_ARMANDO
26002,VCS_ARMY
27420,VCS_BARRY
26003,VCS_BCOP
26004,VCS_BFOBE
26005,VCS_BFORI
26006,VCS_BFOST
26007,VCS_BFOTR
26008,VCS_BFYBE
26009,VCS_BFYPR
26010,VCS_BFYRI
26011,VCS_BFYST
26012,VCS_BMOBE
26013,VCS_BMODK
26014,VCS_BMOST
26015,VCS_BMOTR
26016,VCS_BMYBB
26017,VCS_BMYBE
26018,VCS_BMYBU
26019,VCS_BMYCR
26020,VCS_BMYPI
26021,VCS_BMYRI
26022,VCS_BMYST
26023,VCS_BURGER
26024,VCS_COKHED
26025,VCS_COP
26026,VCS_CS_DASS1
26027,VCS_CS_DASS2
26028,VCS_CS_DIAZ
26029,VCS_CS_FORBES
26030,VCS_CS_JANET
26031,VCS_CS_LOUISE3
26032,VCS_CS_MAN1
26033,VCS_CS_MARYJ
26034,VCS_CS_PED1
26035,VCS_CS_PHCOLLINS2
26036,VCS_CS_RENOP
26037,VCS_CS_TROY
27421,VCS_CSPED1
26038,VCS_CWMYHB2
27422,VCS_DASS1
27423,VCS_DASS2
27424,VCS_DASS3
27425,VCS_DASS4
26039,VCS_DEA1
26040,VCS_DEA2
26041,VCS_DIAZ
26042,VCS_DIEGO
26043,VCS_FBI
26044,VCS_FILMCRW
26045,VCS_FIREMEN
27426,VCS_FORBES1
27427,VCS_FORBES2
27428,VCS_FORBES3
27429,VCS_FRANK
26046,VCS_GANG1A
26047,VCS_GANG1B
26048,VCS_GANG1C
26049,VCS_GANG1D
26050,VCS_GANG2A
26051,VCS_GANG2B
26052,VCS_GANG3A
26053,VCS_GANG3B
26054,VCS_GANG4A
26055,VCS_GANG4B
26056,VCS_GANG5A
26057,VCS_GANG5B
26058,VCS_GANG6A
26059,VCS_GANG6B
26060,VCS_GANG7A
26061,VCS_GANG7B
26062,VCS_GANG8A
26063,VCS_GANG8B
27430,VCS_GANG9A
27431,VCS_GANG9B
26066,VCS_GON_GOONA
26067,VCS_GON_GOONB
27432,VCS_GONZALEZ
26068,VCS_GTR1
26069,VCS_GTR2
27433,VCS_HANK
26070,VCS_HFOBE
26071,VCS_HFORI
26072,VCS_HFOST
26073,VCS_HFOTR
26074,VCS_HFYBE
26075,VCS_HFYBU
26076,VCS_HFYCG
26077,VCS_HFYMD
26078,VCS_HFYPR
26079,VCS_HFYRI
26080,VCS_HFYST
26081,VCS_HIGH_EMPA
26082,VCS_HIGH_EMPB
26083,VCS_HITMAN
26084,VCS_HMOBE
26085,VCS_HMOCA
26086,VCS_HMORI
26087,VCS_HMOST
26088,VCS_HMOTR
26089,VCS_HMYAP
26090,VCS_HMYBE
26091,VCS_HMYRI
26092,VCS_HMYST
27434,VCS_JANET
27435,VCS_JAVIER
26125,VCS_JERRY
26126,VCS_JFOTO
26127,VCS_JMOTO
27436,VCS_LANCE1
27437,VCS_LANCE2
27438,VCS_LOUISE1
27439,VCS_LOUISE2
27440,VCS_LOUISE3
27441,VCS_LOUISE4
26064,VCS_LOW_EMPA
26065,VCS_LOW_EMPB
26128,VCS_MALE01
27442,VCS_MARTY
27443,VCS_MARYJ
26129,VCS_MEDIC
26130,VCS_MENDEZ1
26131,VCS_MENDEZ2
26132,VCS_MENGGA
26133,VCS_MENGGB
26134,VCS_PHIL
26135,VCS_PHILC1
27444,VCS_PHILC2
27445,VCS_PINATA
27446,VCS_RENI
27447,VCS_RENIOP
26136,VCS_ROBBER
26137,VCS_SARGE
26138,VCS_SHOPKPR
26139,VCS_SWAT
27448,VCS_TROY
27449,VCS_UMBERTO
27450,VCS_VIC1
27451,VCS_VIC10
27452,VCS_VIC11
27453,VCS_VIC12
27454,VCS_VIC13
27455,VCS_VIC14
27456,VCS_VIC15
27457,VCS_VIC2
27458,VCS_VIC3
27459,VCS_VIC4
27460,VCS_VIC5
27461,VCS_VIC6
27462,VCS_VIC7
27463,VCS_VIC8
27464,VCS_VIC9
26140,VCS_VICE1
26141,VCS_VICE2
26142,VCS_WFOBE
26143,VCS_WFOGO
27465,VCS_WFOM
26144,VCS_WFORI
26145,VCS_WFOSH
26146,VCS_WFOST
26147,VCS_WFOTR
26148,VCS_WFYBE
26149,VCS_WFYBU
26150,VCS_WFYJG
26151,VCS_WFYLG
26152,VCS_WFYPR
26153,VCS_WFYRI
26154,VCS_WFYSH
26155,VCS_WFYSK
26156,VCS_WFYST
26157,VCS_WMOBE
26158,VCS_WMOBU
26159,VCS_WMOCA
26160,VCS_WMOGO
26161,VCS_WMORI
26162,VCS_WMOST
26163,VCS_WMOTR
26164,VCS_WMYBE
26165,VCS_WMYBU
26166,VCS_WMYCR
26167,VCS_WMYCW
26168,VCS_WMYJG
26169,VCS_WMYLG
26170,VCS_WMYPI
26171,VCS_WMYRI
26172,VCS_WMYSK
26173,VCS_WMYST
26174,VCS_ZOMA
207,VHFYPRO
246,VHFYST3
184,VHMYCR
82,VHMYELV
84,VIMYELV
114,VLA1
115,VLA2
116,VLA3
124,VMAFF1
125,VMAFF2
126,VMAFF3
127,VMAFF4
172,VWFYCRP
85,VWFYPRO
87,VWFYST1
263,VWFYWA2
214,VWFYWAI
212,VWMOTR1
213,VWMOTR2
171,VWMYBJD
81,VWMYBOX
206,VWMYCD
181,VWMYCR
24,WBDYG1
25,WBDYG2
88,WFORI
89,WFOST
138,WFYBE
150,WFYBU
205,WFYBURG
308,WFYCLEM
309,WFYCLLV
211,WFYCLOT
306,WFYCLPD
145,WFYCRK
90,WFYJG
251,WFYLG
152,WFYPRO
91,WFYRI
92,WFYRO
178,WFYSEX
93,WFYST
76,WFYSTEW
264,WMOICE
165,WMOMIB
62,WMOPJ
68,WMOPREA
94,WMORI
70,WMOSCI
95,WMOST
78,WMOTR1
179,WMYAMMO
177,WMYBAR
154,WMYBE
167,WMYBELL
23,WMYBMX
164,WMYBOUN
26,WMYBP
147,WMYBU
261,WMYCD1
255,WMYCH
217,WMYCLOT
27,WMYCON
153,WMYCONB
100,WMYCR
29,WMYDRUG
36,WMYGOL1
37,WMYGOL2
96,WMYJG
204,WMYKARA
97,WMYLG
50,WMYMECH
52,WMYMOUN
155,WMYPIZZ
61,WMYPLT
98,WMYRI
99,WMYRO
71,WMYSGRD
101,WMYST
189,WMYVA
252,WMYVA2
294,WUZIMU
289,ZERO